{
  "mean": [
    -0.0007662092919818891,
    -0.0007662092919818891,
    -0.0007662092919818891,
    0.007500904254730729,
    45.786520948745355,
    -28.030284849330492
  ],
  "std": [
    0.009812441889565898,
    0.009812441889565898,
    0.009812441889565898,
    0.00392925033139782,
    17.69555442660614,
    322.425253480111
  ],
  "coeffs": [
    -0.030281409551693825,
    -0.030281409551693825,
    -0.030281409551693825,
    0.39035672167521984,
    -0.6566000671260618,
    0.29264982170461484
  ],
  "bias": -0.3975750959824477
}