{
  "mean": [
    0.0022289790932362194,
    0.0022289790932362194,
    0.0022289790932362194,
    0.020818953165245496,
    42.00894373814593,
    8.603067247850694
  ],
  "std": [
    0.03325778689303849,
    0.03325778689303849,
    0.03325778689303849,
    0.0148641310828956,
    19.982093696422638,
    1118.2962320514066
  ],
  "coeffs": [
    0.0024002301631362126,
    0.0024002301631362126,
    0.0024002301631362126,
    0.6671356268037445,
    -0.2618896982053338,
    0.43749387509659726
  ],
  "bias": -0.15653152753358163
}